{
  "threshold": 1.3071832656860352,
  "percentile": 95,
  "computed_at": "2026-05-01T14:43:59.492389+00:00",
  "n_samples": 4371,
  "n_features": 77,
  "seq_len": 10,
  "hidden_size": 64,
  "latent_size": 32,
  "vocab_size": 5000,
  "embed_dim": 64,
  "train_loss": 0.2695526205492716,
  "val_loss": 0.2640673196402149
}