{
  "threshold": 0.5733379125595093,
  "percentile": 95,
  "computed_at": "2026-05-25T18:40:36.349931+00:00",
  "n_samples": 166411,
  "n_features": 77,
  "seq_len": 10,
  "hidden_size": 64,
  "latent_size": 32,
  "vocab_size": 5000,
  "embed_dim": 64,
  "train_loss": 0.14034617794273782,
  "val_loss": 0.14794020596512095
}